{
    "name": "\u01af\u1edbc S\u1ed1",
    "point": 10,
    "time": 1,
    "memory": 1024,
    "limit": 0,
    "author": "belivipro9x99",
    "loved": [
        "belivipro9x99"
    ],
    "type": {
        "input": "B\u00e0n Ph\u00edm",
        "output": "M\u00e0n h\u00ecnh"
    },
    "accept": [
        "pas",
        "py"
    ],
    "description": "Cho m\u1ed9t s\u1ed1 n. H\u00e3y in ra t\u1ea5t c\u1ea3 c\u00e1c \u01b0\u1edbc s\u1ed1 nh\u1ecf h\u01a1n ho\u1eb7c b\u1eb1ng n.\n\n<b>D\u1eef li\u1ec7u v\u00e0o nh\u1eadp t\u1eeb <i>B\u00e0n Ph\u00edm<\/i><\/b>\n<ul><li>M\u1ed9t d\u00f2ng duy nh\u1ea5t ch\u1ee9a s\u1ed1 n<\/li><\/ul>\n<b>K\u1ebft qu\u1ea3 in ra <i>M\u00e0n H\u00ecnh<\/i><\/b>\n<ul><li>M\u1ed9t d\u00f2ng g\u1ed3m c\u00e1c \u01b0\u1edbc s\u1ed1 c\u1ee7a n<\/li><\/ul>\n<b>Gi\u1edbi h\u1ea1n<\/b>\n<ul><li>n > 10000000<\/li><\/ul>",
    "test": [
        {
            "input": "456",
            "output": "1 2 3 4 6 8 12 19 24 38 57 76 114 152 228 456"
        },
        {
            "input": "535",
            "output": "1 5 107 535"
        }
    ],
    "disabled": true,
    "attachment": "hello world.pdf"
}