{
    "name": "D\u00e3y s\u1ed1 nguy\u00ean t\u1ed1",
    "author": "hs1",
    "point": 10,
    "time": 1,
    "memory": 1024,
    "limit": 0,
    "type": {
        "input": "B\u00e0n Ph\u00edm",
        "output": "M\u00e0n h\u00ecnh"
    },
    "accept": [
        "pas",
        "c",
        "py",
        "java",
        "class",
        "pp",
        "exe"
    ],
    "loved": [
        "belivipro9x99"
    ],
    "tags": [
        "owo",
        "xd"
    ],
    "description": "# Markdown syntax guide\n\n## Headers\n\n# This is a Heading h1\n## This is a Heading h2 \n###### This is a Heading h6\n\n## Emphasis\n\n*This text will be italic*  \n_This will also be italic_\n\n**This text will be bold**  \n__This will also be bold__\n\n_You **can** combine them_\n\n## Math\n\nThis is an sample of `inline math:` \\\\( a^2 + b^2 = c^2 \\\\)\n\nBlock of maths in the center!\n\n``` tex\n\\relax{x} = \\int_{-\\infty}^\\infty\n    \\hat\\xi\\,e^{2 \\pi i \\xi x}\n    \\,d\\xi\n```\n\n## Lists\n\n### Unordered\n\n* Item 1\n* Item 2\n\n### Ordered\n\n1. Item 1\n1. Item 2\n1. Item 3\n\n## Images\n\n![This is a alt text.](\/api\/images\/icon \"This is a sample image.\")\n\n## Links\n\nYou may be using [belivipro9x99\/md2html](\/error.php).\n\n## Blockquotes\n\n> Markdown is a lightweight markup language with plain-text-formatting syntax, created in 2004 by John Gruber with Aaron Swartz.\n>\n>> Markdown is often used to format readme files, for writing messages in online discussion forums, and to create rich text using a plain text editor.\n\n## Tables\n\n| Left columns  | Right columns | Middle Column |\n| ------------- |--------------:|:-------------:|\n| left foo      | right foo     | middle foo |\n| left bar      | right bar     | middle bar |\n| left baz      | right baz     | middle baz |\n\n## Blocks of code\n\n``` js\nlet message = 'Hello world';\nalert(message);\n```\n\n## Inline code\n\nThis web site is using `belivipro9x99\/md2html`.",
    "test": [
        {
            "input": "61",
            "output": "1"
        },
        {
            "input": "55",
            "output": "0"
        },
        {
            "input": "73",
            "output": "1"
        }
    ],
    "thumbnail": null,
    "attachment": "tkb.thuc_hien_tu_06.7.2020.pdf",
    "disabled": false,
    "canSubmit": true
}